<?xml version="1.0" encoding="UTF-8" ?>
<!DOCTYPE mapper PUBLIC "-//mybatis.org//DTD Mapper 3.0//EN" "http://mybatis.org/dtd/mybatis-3-mapper.dtd" >
<mapper namespace="com.mmall.dao.CartMapper" >
  <resultMap id="BaseResultMap" type="com.mmall.pojo.Cart" >
    <constructor >
      <idArg column="id" jdbcType="INTEGER" javaType="java.lang.Integer" />
      <arg column="user_id" jdbcType="INTEGER" javaType="java.lang.Integer" />
      <arg column="product_id" jdbcType="INTEGER" javaType="java.lang.Integer" />
      <arg column="quantity" jdbcType="INTEGER" javaType="java.lang.Integer" />
      <arg column="checked" jdbcType="INTEGER" javaType="java.lang.Integer" />
      <arg column="create_time" jdbcType="TIMESTAMP" javaType="java.util.Date" />
      <arg column="update_time" jdbcType="TIMESTAMP" javaType="java.util.Date" />
    </constructor>
  </resultMap>
  <sql id="Base_Column_List" >
    id, user_id, product_id, quantity, checked, create_time, update_time
  </sql>
  <select id="selectByPrimaryKey" resultMap="BaseResultMap" parameterType="java.lang.Integer" >
    select 
    <include refid="Base_Column_List" />
    from mmall_cart
    where id = #{id,jdbcType=INTEGER}
  </select>
  <delete id="deleteByPrimaryKey" parameterType="java.lang.Integer" >
    delete from mmall_cart
    where id = #{id,jdbcType=INTEGER}
  </delete>
  <insert id="insert" parameterType="com.mmall.pojo.Cart" >
    insert into mmall_cart (id, user_id, product_id, 
      quantity, checked, create_time, 
      update_time)
    values (#{id,jdbcType=INTEGER}, #{userId,jdbcType=INTEGER}, #{productId,jdbcType=INTEGER}, 
      #{quantity,jdbcType=INTEGER}, #{checked,jdbcType=INTEGER}, now(),
      now())
  </insert>
  <insert id="insertSelective" parameterType="com.mmall.pojo.Cart" >
    insert into mmall_cart
    <trim prefix="(" suffix=")" suffixOverrides="," >
      <if test="id != null" >
        id,
      </if>
      <if test="userId != null" >
        user_id,
      </if>
      <if test="productId != null" >
        product_id,
      </if>
      <if test="quantity != null" >
        quantity,
      </if>
      <if test="checked != null" >
        checked,
      </if>
      <if test="createTime != null" >
        create_time,
      </if>
      <if test="updateTime != null" >
        update_time,
      </if>
    </trim>
    <trim prefix="values (" suffix=")" suffixOverrides="," >
      <if test="id != null" >
        #{id,jdbcType=INTEGER},
      </if>
      <if test="userId != null" >
        #{userId,jdbcType=INTEGER},
      </if>
      <if test="productId != null" >
        #{productId,jdbcType=INTEGER},
      </if>
      <if test="quantity != null" >
        #{quantity,jdbcType=INTEGER},
      </if>
      <if test="checked != null" >
        #{checked,jdbcType=INTEGER},
      </if>
      <if test="createTime != null" >
        now(),
      </if>
      <if test="updateTime != null" >
        now(),
      </if>
    </trim>
  </insert>
  <update id="updateByPrimaryKeySelective" parameterType="com.mmall.pojo.Cart" >
    update mmall_cart
    <set >
      <if test="userId != null" >
        user_id = #{userId,jdbcType=INTEGER},
      </if>
      <if test="productId != null" >
        product_id = #{productId,jdbcType=INTEGER},
      </if>
      <if test="quantity != null" >
        quantity = #{quantity,jdbcType=INTEGER},
      </if>
      <if test="checked != null" >
        checked = #{checked,jdbcType=INTEGER},
      </if>
      <if test="createTime != null" >
        create_time = #{createTime,jdbcType=TIMESTAMP},
      </if>
      <if test="updateTime != null" >
        update_time = now(),
      </if>
    </set>
    where id = #{id,jdbcType=INTEGER}
  </update>
  <update id="updateByPrimaryKey" parameterType="com.mmall.pojo.Cart" >
    update mmall_cart
    set user_id = #{userId,jdbcType=INTEGER},
      product_id = #{productId,jdbcType=INTEGER},
      quantity = #{quantity,jdbcType=INTEGER},
      checked = #{checked,jdbcType=INTEGER},
      create_time = #{createTime,jdbcType=TIMESTAMP},
      update_time = now()
    where id = #{id,jdbcType=INTEGER}
  </update>



    <select id="selectByUserIdProductId" resultMap="BaseResultMap" parameterType="map">

        SELECT
        <include refid="Base_Column_List"/>
        FROM mmall_cart
        WHERE user_id = #{userId}
        and product_id = #{productId}

    </select>

<select id="selectCartProductCheckedStatusByUserId" resultType="java.lang.Integer" parameterType="int" >

    SELECT COUNT(1)
    FROM mmall_cart
    WHERE checked = 0
    and user_id = #{userId}


</select>
<select id="selectCartByUserId" parameterType="int" resultMap="BaseResultMap">
    SELECT <include refid="Base_Column_List"/>
    FROM mmall_cart
    WHERE user_id = #{userId}
</select>

  <delete id="deleteByUserIdPorductIds" parameterType="map">

     DELETE FROM mmall_cart
     WHERE user_id = #{userId}
     <if test="productIdList!=null">

       and product_id in
       <foreach collection="productIdList" item="item" index="index" open="(" separator="," close=")">
         #{item}
       </foreach>


     </if>

  </delete>

  <update id="checkedOrUncheckedProduct" parameterType="map">

    UPDATE mmall_cart
    SET checked = #{checked}
    where userId = #{userId}
    <if test="productId!=null">
      and prodcut_id =#{productId}
    </if>

  </update>

<select id="selectProductCountByUserId" parameterType="int" resultType="int">

  SELECT IFNULL(SUM(quantity),0) as count FROM mmall_cart WHERE user_id = #{userId}

</select>

<select id="selectCheckedSCartByUserId" resultMap="BaseResultMap" parameterType="int">

  SELECT <include refid="Base_Column_List"/>
  FROM mmall_cart
  WHERE user_id = #{userId}
  AND checked = 1

</select>


































</mapper>