<?xml version="1.0" encoding="UTF-8" ?>
<!DOCTYPE mapper PUBLIC "-//mybatis.org//DTD Mapper 3.0//EN" "http://mybatis.org/dtd/mybatis-3-mapper.dtd" >
<mapper namespace="com.mmall.dao.CategoryMapper" >
  <resultMap id="BaseResultMap" type="com.mmall.pojo.Category" >
    <constructor >
      <idArg column="id" jdbcType="INTEGER" javaType="java.lang.Integer" />
      <arg column="parent_id" jdbcType="INTEGER" javaType="java.lang.Integer" />
      <arg column="name" jdbcType="VARCHAR" javaType="java.lang.String" />
      <arg column="status" jdbcType="BIT" javaType="java.lang.Boolean" />
      <arg column="sort_order" jdbcType="INTEGER" javaType="java.lang.Integer" />
      <arg column="create_time" jdbcType="TIMESTAMP" javaType="java.util.Date" />
      <arg column="update_time" jdbcType="TIMESTAMP" javaType="java.util.Date" />
    </constructor>
  </resultMap>
  <sql id="Base_Column_List" >
    id, parent_id, name, status, sort_order, create_time, update_time
  </sql>
  <select id="selectByPrimaryKey" resultMap="BaseResultMap" parameterType="java.lang.Integer" >
    select 
    <include refid="Base_Column_List" />
    from mmall_category
    where id = #{id,jdbcType=INTEGER}
  </select>
  <delete id="deleteByPrimaryKey" parameterType="java.lang.Integer" >
    delete from mmall_category
    where id = #{id,jdbcType=INTEGER}
  </delete>
  <insert id="insert" parameterType="com.mmall.pojo.Category" >
    insert into mmall_category (id, parent_id, name, 
      status, sort_order, create_time, 
      update_time)
    values (#{id,jdbcType=INTEGER}, #{parentId,jdbcType=INTEGER}, #{name,jdbcType=VARCHAR}, 
      #{status,jdbcType=BIT}, #{sortOrder,jdbcType=INTEGER}, now(),
      now())
  </insert>
  <insert id="insertSelective" parameterType="com.mmall.pojo.Category" >
    insert into mmall_category
    <trim prefix="(" suffix=")" suffixOverrides="," >
      <if test="id != null" >
        id,
      </if>
      <if test="parentId != null" >
        parent_id,
      </if>
      <if test="name != null" >
        name,
      </if>
      <if test="status != null" >
        status,
      </if>
      <if test="sortOrder != null" >
        sort_order,
      </if>
      <if test="createTime != null" >
        create_time,
      </if>
      <if test="updateTime != null" >
        update_time,
      </if>
    </trim>
    <trim prefix="values (" suffix=")" suffixOverrides="," >
      <if test="id != null" >
        #{id,jdbcType=INTEGER},
      </if>
      <if test="parentId != null" >
        #{parentId,jdbcType=INTEGER},
      </if>
      <if test="name != null" >
        #{name,jdbcType=VARCHAR},
      </if>
      <if test="status != null" >
        #{status,jdbcType=BIT},
      </if>
      <if test="sortOrder != null" >
        #{sortOrder,jdbcType=INTEGER},
      </if>
      <if test="createTime != null" >
        now(),
      </if>
      <if test="updateTime != null" >
        now(),
      </if>
    </trim>
  </insert>
  <update id="updateByPrimaryKeySelective" parameterType="com.mmall.pojo.Category" >
    update mmall_category
    <set >
      <if test="parentId != null" >
        parent_id = #{parentId,jdbcType=INTEGER},
      </if>
      <if test="name != null" >
        name = #{name,jdbcType=VARCHAR},
      </if>
      <if test="status != null" >
        status = #{status,jdbcType=BIT},
      </if>
      <if test="sortOrder != null" >
        sort_order = #{sortOrder,jdbcType=INTEGER},
      </if>
      <if test="createTime != null" >
        create_time = #{createTime,jdbcType=TIMESTAMP},
      </if>
      <if test="updateTime != null" >
        update_time = now(),
      </if>
    </set>
    where id = #{id,jdbcType=INTEGER}
  </update>
  <update id="updateByPrimaryKey" parameterType="com.mmall.pojo.Category" >
    update mmall_category
    set parent_id = #{parentId,jdbcType=INTEGER},
      name = #{name,jdbcType=VARCHAR},
      status = #{status,jdbcType=BIT},
      sort_order = #{sortOrder,jdbcType=INTEGER},
      create_time = #{createTime,jdbcType=TIMESTAMP},
      update_time = now()
    where id = #{id,jdbcType=INTEGER}
  </update>

  <select id="selectCategoryChildrenParallelByParentId" parameterType="int" resultMap="BaseResultMap">

    SELECT <include refid="Base_Column_List"/>
    FROM mmall_category
    WHERE parent_id = #{categoryId}
  </select>






























</mapper>