<?xml version="1.0" encoding="UTF-8" ?>
<!DOCTYPE mapper PUBLIC "-//mybatis.org//DTD Mapper 3.0//EN" "http://mybatis.org/dtd/mybatis-3-mapper.dtd" >
<mapper namespace="com.mmall.dao.OrderItemMapper" >
  <resultMap id="BaseResultMap" type="com.mmall.pojo.OrderItem" >
    <constructor >
      <idArg column="id" jdbcType="INTEGER" javaType="java.lang.Integer" />
      <arg column="user_id" jdbcType="INTEGER" javaType="java.lang.Integer" />
      <arg column="order_no" jdbcType="BIGINT" javaType="java.lang.Long" />
      <arg column="product_id" jdbcType="INTEGER" javaType="java.lang.Integer" />
      <arg column="product_name" jdbcType="VARCHAR" javaType="java.lang.String" />
      <arg column="product_image" jdbcType="VARCHAR" javaType="java.lang.String" />
      <arg column="current_unit_price" jdbcType="DECIMAL" javaType="java.math.BigDecimal" />
      <arg column="quantity" jdbcType="INTEGER" javaType="java.lang.Integer" />
      <arg column="total_price" jdbcType="DECIMAL" javaType="java.math.BigDecimal" />
      <arg column="create_time" jdbcType="TIMESTAMP" javaType="java.util.Date" />
      <arg column="update_time" jdbcType="TIMESTAMP" javaType="java.util.Date" />
    </constructor>
  </resultMap>
  <sql id="Base_Column_List" >
    id, user_id, order_no, product_id, product_name, product_image, current_unit_price, 
    quantity, total_price, create_time, update_time
  </sql>
  <select id="selectByPrimaryKey" resultMap="BaseResultMap" parameterType="java.lang.Integer" >
    select 
    <include refid="Base_Column_List" />
    from mmall_order_item
    where id = #{id,jdbcType=INTEGER}
  </select>
  <delete id="deleteByPrimaryKey" parameterType="java.lang.Integer" >
    delete from mmall_order_item
    where id = #{id,jdbcType=INTEGER}
  </delete>
  <insert id="insert" parameterType="com.mmall.pojo.OrderItem" >
    insert into mmall_order_item (id, user_id, order_no, 
      product_id, product_name, product_image, 
      current_unit_price, quantity, total_price, 
      create_time, update_time)
    values (#{id,jdbcType=INTEGER}, #{userId,jdbcType=INTEGER}, #{orderNo,jdbcType=BIGINT}, 
      #{productId,jdbcType=INTEGER}, #{productName,jdbcType=VARCHAR}, #{productImage,jdbcType=VARCHAR}, 
      #{currentUnitPrice,jdbcType=DECIMAL}, #{quantity,jdbcType=INTEGER}, #{totalPrice,jdbcType=DECIMAL}, 
      now(), now())
  </insert>
  <insert id="insertSelective" parameterType="com.mmall.pojo.OrderItem" >
    insert into mmall_order_item
    <trim prefix="(" suffix=")" suffixOverrides="," >
      <if test="id != null" >
        id,
      </if>
      <if test="userId != null" >
        user_id,
      </if>
      <if test="orderNo != null" >
        order_no,
      </if>
      <if test="productId != null" >
        product_id,
      </if>
      <if test="productName != null" >
        product_name,
      </if>
      <if test="productImage != null" >
        product_image,
      </if>
      <if test="currentUnitPrice != null" >
        current_unit_price,
      </if>
      <if test="quantity != null" >
        quantity,
      </if>
      <if test="totalPrice != null" >
        total_price,
      </if>
      <if test="createTime != null" >
        create_time,
      </if>
      <if test="updateTime != null" >
        update_time,
      </if>
    </trim>
    <trim prefix="values (" suffix=")" suffixOverrides="," >
      <if test="id != null" >
        #{id,jdbcType=INTEGER},
      </if>
      <if test="userId != null" >
        #{userId,jdbcType=INTEGER},
      </if>
      <if test="orderNo != null" >
        #{orderNo,jdbcType=BIGINT},
      </if>
      <if test="productId != null" >
        #{productId,jdbcType=INTEGER},
      </if>
      <if test="productName != null" >
        #{productName,jdbcType=VARCHAR},
      </if>
      <if test="productImage != null" >
        #{productImage,jdbcType=VARCHAR},
      </if>
      <if test="currentUnitPrice != null" >
        #{currentUnitPrice,jdbcType=DECIMAL},
      </if>
      <if test="quantity != null" >
        #{quantity,jdbcType=INTEGER},
      </if>
      <if test="totalPrice != null" >
        #{totalPrice,jdbcType=DECIMAL},
      </if>
      <if test="createTime != null" >
        now(),
      </if>
      <if test="updateTime != null" >
        now(),
      </if>
    </trim>
  </insert>
  <update id="updateByPrimaryKeySelective" parameterType="com.mmall.pojo.OrderItem" >
    update mmall_order_item
    <set >
      <if test="userId != null" >
        user_id = #{userId,jdbcType=INTEGER},
      </if>
      <if test="orderNo != null" >
        order_no = #{orderNo,jdbcType=BIGINT},
      </if>
      <if test="productId != null" >
        product_id = #{productId,jdbcType=INTEGER},
      </if>
      <if test="productName != null" >
        product_name = #{productName,jdbcType=VARCHAR},
      </if>
      <if test="productImage != null" >
        product_image = #{productImage,jdbcType=VARCHAR},
      </if>
      <if test="currentUnitPrice != null" >
        current_unit_price = #{currentUnitPrice,jdbcType=DECIMAL},
      </if>
      <if test="quantity != null" >
        quantity = #{quantity,jdbcType=INTEGER},
      </if>
      <if test="totalPrice != null" >
        total_price = #{totalPrice,jdbcType=DECIMAL},
      </if>
      <if test="createTime != null" >
        create_time = #{createTime,jdbcType=TIMESTAMP},
      </if>
      <if test="updateTime != null" >
        update_time = now(),
      </if>
    </set>
    where id = #{id,jdbcType=INTEGER}
  </update>
  <update id="updateByPrimaryKey" parameterType="com.mmall.pojo.OrderItem" >
    update mmall_order_item
    set user_id = #{userId,jdbcType=INTEGER},
      order_no = #{orderNo,jdbcType=BIGINT},
      product_id = #{productId,jdbcType=INTEGER},
      product_name = #{productName,jdbcType=VARCHAR},
      product_image = #{productImage,jdbcType=VARCHAR},
      current_unit_price = #{currentUnitPrice,jdbcType=DECIMAL},
      quantity = #{quantity,jdbcType=INTEGER},
      total_price = #{totalPrice,jdbcType=DECIMAL},
      create_time = #{createTime,jdbcType=TIMESTAMP},
      update_time = now()
    where id = #{id,jdbcType=INTEGER}
  </update>


  <insert id="batchInsert" parameterType="list">
    insert into mmall_order_item (id, order_no,user_id, product_id,
    product_name, product_image, current_unit_price,
    quantity, total_price, create_time,
    update_time)
    values
    <foreach collection="orderItemList" index="index" item="item" separator=",">
      (
      #{item.id},#{item.orderNo},#{item.userId},#{item.productId},#{item.productName},#{item.productImage},#{item.currentUnitPrice},#{item.quantity},#{item.totalPrice},now(),now()
      )
    </foreach>
  </insert>

    <select id="selectByOrderNo" parameterType="long" resultMap="BaseResultMap">

        SELECT <include refid="Base_Column_List"/>
        FROM mmall_order_item
        WHERE order_no = #{orderNo}

    </select>


<select id="selectByUserIdAndOrderNo" resultMap="BaseResultMap" parameterType="map">

    SELECT <include refid="Base_Column_List"/>
    FROM mmall_order_item
    WHERE user_id = #{userId}
    and order_no = #{orderNo}

</select>

















</mapper>