<?xml version="1.0" encoding="UTF-8" ?>
<!DOCTYPE mapper PUBLIC "-//mybatis.org//DTD Mapper 3.0//EN" "http://mybatis.org/dtd/mybatis-3-mapper.dtd" >
<mapper namespace="com.mmall.dao.PayInfoMapper" >
  <resultMap id="BaseResultMap" type="com.mmall.pojo.PayInfo" >
    <constructor >
      <idArg column="id" jdbcType="INTEGER" javaType="java.lang.Integer" />
      <arg column="user_id" jdbcType="INTEGER" javaType="java.lang.Integer" />
      <arg column="order_no" jdbcType="BIGINT" javaType="java.lang.Long" />
      <arg column="pay_platform" jdbcType="INTEGER" javaType="java.lang.Integer" />
      <arg column="platform_number" jdbcType="VARCHAR" javaType="java.lang.String" />
      <arg column="platform_status" jdbcType="VARCHAR" javaType="java.lang.String" />
      <arg column="create_time" jdbcType="TIMESTAMP" javaType="java.util.Date" />
      <arg column="update_time" jdbcType="TIMESTAMP" javaType="java.util.Date" />
    </constructor>
  </resultMap>
  <sql id="Base_Column_List" >
    id, user_id, order_no, pay_platform, platform_number, platform_status, create_time, 
    update_time
  </sql>
  <select id="selectByPrimaryKey" resultMap="BaseResultMap" parameterType="java.lang.Integer" >
    select 
    <include refid="Base_Column_List" />
    from mmall_pay_info
    where id = #{id,jdbcType=INTEGER}
  </select>
  <delete id="deleteByPrimaryKey" parameterType="java.lang.Integer" >
    delete from mmall_pay_info
    where id = #{id,jdbcType=INTEGER}
  </delete>
  <insert id="insert" parameterType="com.mmall.pojo.PayInfo" >
    insert into mmall_pay_info (id, user_id, order_no, 
      pay_platform, platform_number, platform_status, 
      create_time, update_time)
    values (#{id,jdbcType=INTEGER}, #{userId,jdbcType=INTEGER}, #{orderNo,jdbcType=BIGINT}, 
      #{payPlatform,jdbcType=INTEGER}, #{platformNumber,jdbcType=VARCHAR}, #{platformStatus,jdbcType=VARCHAR}, 
      now(), now())
  </insert>
  <insert id="insertSelective" parameterType="com.mmall.pojo.PayInfo" >
    insert into mmall_pay_info
    <trim prefix="(" suffix=")" suffixOverrides="," >
      <if test="id != null" >
        id,
      </if>
      <if test="userId != null" >
        user_id,
      </if>
      <if test="orderNo != null" >
        order_no,
      </if>
      <if test="payPlatform != null" >
        pay_platform,
      </if>
      <if test="platformNumber != null" >
        platform_number,
      </if>
      <if test="platformStatus != null" >
        platform_status,
      </if>
      <if test="createTime != null" >
        create_time,
      </if>
      <if test="updateTime != null" >
        update_time,
      </if>
    </trim>
    <trim prefix="values (" suffix=")" suffixOverrides="," >
      <if test="id != null" >
        #{id,jdbcType=INTEGER},
      </if>
      <if test="userId != null" >
        #{userId,jdbcType=INTEGER},
      </if>
      <if test="orderNo != null" >
        #{orderNo,jdbcType=BIGINT},
      </if>
      <if test="payPlatform != null" >
        #{payPlatform,jdbcType=INTEGER},
      </if>
      <if test="platformNumber != null" >
        #{platformNumber,jdbcType=VARCHAR},
      </if>
      <if test="platformStatus != null" >
        #{platformStatus,jdbcType=VARCHAR},
      </if>
      <if test="createTime != null" >
        now(),
      </if>
      <if test="updateTime != null" >
        now(),
      </if>
    </trim>
  </insert>
  <update id="updateByPrimaryKeySelective" parameterType="com.mmall.pojo.PayInfo" >
    update mmall_pay_info
    <set >
      <if test="userId != null" >
        user_id = #{userId,jdbcType=INTEGER},
      </if>
      <if test="orderNo != null" >
        order_no = #{orderNo,jdbcType=BIGINT},
      </if>
      <if test="payPlatform != null" >
        pay_platform = #{payPlatform,jdbcType=INTEGER},
      </if>
      <if test="platformNumber != null" >
        platform_number = #{platformNumber,jdbcType=VARCHAR},
      </if>
      <if test="platformStatus != null" >
        platform_status = #{platformStatus,jdbcType=VARCHAR},
      </if>
      <if test="createTime != null" >
        create_time = #{createTime,jdbcType=TIMESTAMP},
      </if>
      <if test="updateTime != null" >
        update_time = now(),
      </if>
    </set>
    where id = #{id,jdbcType=INTEGER}
  </update>
  <update id="updateByPrimaryKey" parameterType="com.mmall.pojo.PayInfo" >
    update mmall_pay_info
    set user_id = #{userId,jdbcType=INTEGER},
      order_no = #{orderNo,jdbcType=BIGINT},
      pay_platform = #{payPlatform,jdbcType=INTEGER},
      platform_number = #{platformNumber,jdbcType=VARCHAR},
      platform_status = #{platformStatus,jdbcType=VARCHAR},
      create_time = #{createTime,jdbcType=TIMESTAMP},
      update_time = now()
    where id = #{id,jdbcType=INTEGER}
  </update>
</mapper>