<?xml version="1.0" encoding="UTF-8" ?>
<!DOCTYPE mapper PUBLIC "-//mybatis.org//DTD Mapper 3.0//EN" "http://mybatis.org/dtd/mybatis-3-mapper.dtd" >
<mapper namespace="com.mmall.dao.UserMapper" >
    <resultMap id="BaseResultMap" type="com.mmall.pojo.User" >
        <constructor >
            <idArg column="id" jdbcType="INTEGER" javaType="java.lang.Integer" />
            <arg column="username" jdbcType="VARCHAR" javaType="java.lang.String" />
            <arg column="password" jdbcType="VARCHAR" javaType="java.lang.String" />
            <arg column="email" jdbcType="VARCHAR" javaType="java.lang.String" />
            <arg column="phone" jdbcType="VARCHAR" javaType="java.lang.String" />
            <arg column="question" jdbcType="VARCHAR" javaType="java.lang.String" />
            <arg column="answer" jdbcType="VARCHAR" javaType="java.lang.String" />
            <arg column="role" jdbcType="INTEGER" javaType="java.lang.Integer" />
            <arg column="create_time" jdbcType="TIMESTAMP" javaType="java.util.Date" />
            <arg column="update_time" jdbcType="TIMESTAMP" javaType="java.util.Date" />
        </constructor>
    </resultMap>
    <sql id="Base_Column_List" >
    id, username, password, email, phone, question, answer, role, create_time, update_time
  </sql>
    <select id="selectByPrimaryKey" resultMap="BaseResultMap" parameterType="java.lang.Integer" >
        select
        <include refid="Base_Column_List" />
        from mmall_user
        where id = #{id,jdbcType=INTEGER}
    </select>
    <delete id="deleteByPrimaryKey" parameterType="java.lang.Integer" >
    delete from mmall_user
    where id = #{id,jdbcType=INTEGER}
  </delete>
    <insert id="insert" parameterType="com.mmall.pojo.User" >
    insert into mmall_user (id, username, password, 
      email, phone, question, 
      answer, role, create_time, 
      update_time)
    values (#{id,jdbcType=INTEGER}, #{username,jdbcType=VARCHAR}, #{password,jdbcType=VARCHAR}, 
      #{email,jdbcType=VARCHAR}, #{phone,jdbcType=VARCHAR}, #{question,jdbcType=VARCHAR}, 
      #{answer,jdbcType=VARCHAR}, #{role,jdbcType=INTEGER}, now(),
      now())
  </insert>
    <insert id="insertSelective" parameterType="com.mmall.pojo.User" >
        insert into mmall_user
        <trim prefix="(" suffix=")" suffixOverrides="," >
            <if test="id != null" >
                id,
            </if>
            <if test="username != null" >
                username,
            </if>
            <if test="password != null" >
                password,
            </if>
            <if test="email != null" >
                email,
            </if>
            <if test="phone != null" >
                phone,
            </if>
            <if test="question != null" >
                question,
            </if>
            <if test="answer != null" >
                answer,
            </if>
            <if test="role != null" >
                role,
            </if>
            <if test="createTime != null" >
                create_time,
            </if>
            <if test="updateTime != null" >
                update_time,
            </if>
        </trim>
        <trim prefix="values (" suffix=")" suffixOverrides="," >
            <if test="id != null" >
                #{id,jdbcType=INTEGER},
            </if>
            <if test="username != null" >
                #{username,jdbcType=VARCHAR},
            </if>
            <if test="password != null" >
                #{password,jdbcType=VARCHAR},
            </if>
            <if test="email != null" >
                #{email,jdbcType=VARCHAR},
            </if>
            <if test="phone != null" >
                #{phone,jdbcType=VARCHAR},
            </if>
            <if test="question != null" >
                #{question,jdbcType=VARCHAR},
            </if>
            <if test="answer != null" >
                #{answer,jdbcType=VARCHAR},
            </if>
            <if test="role != null" >
                #{role,jdbcType=INTEGER},
            </if>
            <if test="createTime != null" >
                now(),
            </if>
            <if test="updateTime != null" >
                now(),
            </if>
        </trim>
    </insert>
    <update id="updateByPrimaryKeySelective" parameterType="com.mmall.pojo.User" >
        update mmall_user
        <set >
            <if test="username != null" >
                username = #{username,jdbcType=VARCHAR},
            </if>
            <if test="password != null" >
                password = #{password,jdbcType=VARCHAR},
            </if>
            <if test="email != null" >
                email = #{email,jdbcType=VARCHAR},
            </if>
            <if test="phone != null" >
                phone = #{phone,jdbcType=VARCHAR},
            </if>
            <if test="question != null" >
                question = #{question,jdbcType=VARCHAR},
            </if>
            <if test="answer != null" >
                answer = #{answer,jdbcType=VARCHAR},
            </if>
            <if test="role != null" >
                role = #{role,jdbcType=INTEGER},
            </if>
            <if test="createTime != null" >
                create_time = #{createTime,jdbcType=TIMESTAMP},
            </if>
            <if test="updateTime != null" >
                update_time = now(),
            </if>
        </set>
        where id = #{id,jdbcType=INTEGER}
    </update>
    <update id="updateByPrimaryKey" parameterType="com.mmall.pojo.User" >
        update mmall_user
        set username = #{username,jdbcType=VARCHAR},
        password = #{password,jdbcType=VARCHAR},
        email = #{email,jdbcType=VARCHAR},
        phone = #{phone,jdbcType=VARCHAR},
        question = #{question,jdbcType=VARCHAR},
        answer = #{answer,jdbcType=VARCHAR},
        role = #{role,jdbcType=INTEGER},
        create_time = #{createTime,jdbcType=TIMESTAMP},
        update_time = now()
        where id = #{id,jdbcType=INTEGER}
    </update>

    <select id="checkUsername" resultType="int" parameterType="string" >
        select count(1) from mmall_user
        where username = #{username}
    </select>

    <select id="checkEmail" resultType="int" parameterType="string" >
    select count(1) from mmall_user
    where email = #{email}
    </select>

    <select id="checkLogin" parameterType="map" resultMap="BaseResultMap">
        SELECT
        <include refid="Base_Column_List"/>
        FROM mmall_user
        WHERE username = #{username}
        and password = #{password}
    </select>

    <select id="selectQuestionByUsername" parameterType="string" resultType="string">

        SELECT question
        FROM mmall_user
        WHERE username = #{username}

    </select>

    <select id="checkAnswer" parameterType="map" resultType="int">
        SELECT COUNT(1)
        FROM mmall_user
        WHERE username = #{username}
        and question = #{question}
        and answer = #{answer}
    </select>

    <update id="resetPasswordByUsername" parameterType="map">
        UPDATE mmall_user
        SET password = #{passwordNew},update_time = now()
        where username = #{username}
    </update>

  <select id="checkUserPassword" parameterType="map" resultType="int">
      select count(1) from mmall_user
      WHERE password = #{password}
      and id = #{userId}
  </select>

    <select id="checkEmailByUserId" parameterType="string" resultType="int">
        SELECT count(1) FROM mmall_user
        WHERE id = #{userId}
        and email = #{email}
    </select>














</mapper>